SNO,Name,Department,SDate,EDate,ID
100,Abhimanyu,Continental,01/09/2015,08/08/2019,1
101,Kaushal,EB,01/09/2019,01/09/2030,2
102,Megha,Continental1,01/09/2016,08/08/2019,3
103,Gaurav,EB1,01/09/2020,01/09/2031,4
104,Vibha,Continental2,01/09/2017,08/08/2020,5
105,Foo,EB2,01/09/2021,01/09/2032,6
106,John,Continental3,01/09/2018,08/08/2021,7
107,Jack,EB3,01/09/2022,01/09/2033,8
108,Michel,Continental4,01/09/2019,08/08/2022,9
109,Mario,EB4,01/09/2023,01/09/2034,10
110,Abhimanyu,Continental,01/09/2016,08/08/2019,1
